,Metric,Yield
0,Marketcap_Yield,0.023284811925530224
1,Price_Yield,0.024139363721832785
2,Bonded_Yield,0.0018151565572530615
